{
  "metadata": {
    "reportGeneratedAt": "2025-06-29T21:41:49.697Z",
    "status": "Periodic"
  },
  "summary": {
    "testDurationSec": 250.37226272001863,
    "totalFramesProcessed": 7870,
    "targetFps": 32,
    "actualAvgFps": 31.433194374253464,
    "avgFrameTimeMs": 31.73406929547935,
    "minFrameTimeMs": 29.90201598405838,
    "maxFrameTimeMs": 296.11723497509956
  },
  "stages": {
    "A2. Initial Region Find": {
      "calls": 1,
      "totalTimeMs": 37.571195006370544,
      "minMs": 37.571195006370544,
      "maxMs": 37.571195006370544,
      "totalPixels": 2039040,
      "avgMs": 37.571195006370544,
      "avgMsPer1kPixels": 0.018425923476915875
    },
    "A. Initialize": {
      "calls": 1,
      "totalTimeMs": 292.4830650091171,
      "minMs": 292.4830650091171,
      "maxMs": 292.4830650091171,
      "totalPixels": 0,
      "avgMs": 292.4830650091171,
      "avgMsPer1kPixels": 0
    },
    "B. Capture (memcpy)": {
      "calls": 7869,
      "totalTimeMs": 19962.625893861055,
      "minMs": 0.7559040188789368,
      "maxMs": 48.0910589993,
      "totalPixels": 16045205760,
      "avgMs": 2.536869474375531,
      "avgMsPer1kPixels": 0.0012441489496898203
    },
    "C. Batch Search": {
      "calls": 7869,
      "totalTimeMs": 30853.58091199398,
      "minMs": 1.0802529752254486,
      "maxMs": 120.82615900039673,
      "totalPixels": 40698468,
      "avgMs": 3.920902390646077,
      "avgMsPer1kPixels": 0.7581017770004016
    },
    "D. Data Processing": {
      "calls": 7869,
      "totalTimeMs": 1951.366766989231,
      "minMs": 0.13118401169776917,
      "maxMs": 38.466506987810135,
      "totalPixels": 0,
      "avgMs": 0.247981543650938,
      "avgMsPer1kPixels": 0
    }
  }
}