{
  "metadata": {
    "reportGeneratedAt": "2025-06-29T19:08:09.180Z",
    "status": "Periodic"
  },
  "summary": {
    "testDurationSec": 391.22137661099435,
    "totalFramesProcessed": 8752,
    "targetFps": 32,
    "actualAvgFps": 22.37096570697473,
    "avgFrameTimeMs": 44.61238233083808,
    "minFrameTimeMs": 28.992790013551712,
    "maxFrameTimeMs": 377.8863660097122
  },
  "stages": {
    "A1. Initial Full Capture": {
      "calls": 1,
      "totalTimeMs": 48.491558998823166,
      "minMs": 48.491558998823166,
      "maxMs": 48.491558998823166,
      "totalPixels": 2039040,
      "avgMs": 48.491558998823166,
      "avgMsPer1kPixels": 0.02378156338219121
    },
    "A2. Initial Region Find": {
      "calls": 1,
      "totalTimeMs": 11.105786979198456,
      "minMs": 11.105786979198456,
      "maxMs": 11.105786979198456,
      "totalPixels": 2039040,
      "avgMs": 11.105786979198456,
      "avgMsPer1kPixels": 0.005446576319836029
    },
    "A. Initialize": {
      "calls": 1,
      "totalTimeMs": 349.06506699323654,
      "minMs": 349.06506699323654,
      "maxMs": 349.06506699323654,
      "totalPixels": 0,
      "avgMs": 349.06506699323654,
      "avgMsPer1kPixels": 0
    },
    "B. Region Capture": {
      "calls": 8751,
      "totalTimeMs": 207505.83743464947,
      "minMs": 0.027588993310928345,
      "maxMs": 278.6033110022545,
      "totalPixels": 1211350110,
      "avgMs": 23.712242879059474,
      "avgMsPer1kPixels": 0.17130129078425516
    },
    "C. Sequence Search": {
      "calls": 8751,
      "totalTimeMs": 73410.27376461029,
      "minMs": 2.9718610048294067,
      "maxMs": 106.97587099671364,
      "totalPixels": 954165486,
      "avgMs": 8.38878685460065,
      "avgMsPer1kPixels": 0.07693662665619651
    },
    "D. Data Processing": {
      "calls": 8751,
      "totalTimeMs": 8466.424791574478,
      "minMs": 0.20318901538848877,
      "maxMs": 17.752242982387543,
      "totalPixels": 0,
      "avgMs": 0.9674808355130246,
      "avgMsPer1kPixels": 0
    }
  }
}